/*
Add column is_deleted type boolean default false to every table in the sf_schema schema
*/ 
DO $$
DECLARE 
    row record; 
    cmd text;
BEGIN
    FOR row IN SELECT schemaname, tablename FROM pg_tables WHERE schemaname = 'sf_schema' LOOP
        cmd := format('ALTER TABLE %I.%I ADD COLUMN is_deleted boolean default false; ', row.schemaname, row.tablename);
        RAISE NOTICE '%', cmd;
        EXECUTE cmd;
    END LOOP;
END
$$ LANGUAGE plpgsql;

/* 
Rename a cross reference table
*/
ALTER TABLE sf_schema.xref_team_person_role RENAME TO xref_project_person_role;
ALTER TABLE sf_schema.hist_xref_team_person_role RENAME TO hist_xref_project_person_role;

DROP VIEW IF EXISTS sf_schema.show_per_sk_chain;
DROP VIEW IF EXISTS sf_schema.show_person_chain;
DROP VIEW IF EXISTS sf_schema.show_person_role_chain;
DROP VIEW IF EXISTS sf_schema.show_person_skill_chain;

ALTER TABLE sf_schema.xref_project_person_role DROP CONSTRAINT fk_team;
ALTER TABLE sf_schema.xref_project_person_role DROP COLUMN team_id;
ALTER TABLE sf_schema.hist_xref_project_person_role DROP COLUMN team_id;

ALTER TABLE sf_schema.xref_project_person_role ADD COLUMN project_id bigint;
ALTER TABLE sf_schema.hist_xref_project_person_role ADD COLUMN project_id bigint;
ALTER TABLE sf_schema.hist_xref_project_person_role ADD COLUMN percent_usage numeric (6,2);

ALTER TABLE sf_schema.xref_person_role ADD COLUMN is_primary_role boolean;
ALTER TABLE sf_schema.hist_xref_person_role ADD COLUMN is_primary_role boolean;

ALTER TABLE sf_schema.xref_project_person_role ADD CONSTRAINT fk_xref_project_person_role_project FOREIGN KEY (project_id) REFERENCES sf_schema.project (id);

ALTER TABLE sf_schema.team DROP CONSTRAINT fk_team_project;
ALTER TABLE sf_schema.team DROP COLUMN project_id;
ALTER TABLE sf_schema.hist_team DROP COLUMN project_id;

DROP TRIGGER IF EXISTS tg_delete_xref_team_person_role ON sf_schema.xref_project_person_role;
DROP TRIGGER IF EXISTS tg_insert_xref_team_person_role ON sf_schema.xref_project_person_role;
DROP TRIGGER IF EXISTS tg_update_xref_team_person_role ON sf_schema.xref_project_person_role;

/**************************************/
/* *** New Internal Tables ********** */
/**************************************/
CREATE TABLE sf_schema.xref_team_person
(
    team_id bigint NOT NULL,
    person_id bigint NOT NULL,
    comment text COLLATE pg_catalog."default",
    is_deleted boolean default false, 
    CONSTRAINT pk_xref_team_person PRIMARY KEY (team_id, person_id),
    CONSTRAINT fk_xref_team_person_team FOREIGN KEY (team_id) REFERENCES sf_schema.team (id),
    CONSTRAINT fk_xref_team_person_person FOREIGN KEY (person_id) REFERENCES sf_schema.person (id)
)TABLESPACE pg_default;
ALTER TABLE sf_schema.xref_team_person OWNER to current_user;
GRANT ALL ON TABLE sf_schema.xref_team_person TO current_user;

CREATE TABLE sf_schema.hist_xref_team_person
(
    hist_id bigint NOT NULL GENERATED BY DEFAULT AS IDENTITY,
    team_id bigint,
    person_id bigint,
    comment text COLLATE pg_catalog."default",
    is_deleted boolean, 
    action_date timestamp without time zone, 
    action_user character varying(30) COLLATE pg_catalog."default", 
    action_taken character varying(20) COLLATE pg_catalog."default",
    CONSTRAINT pk_hist_xref_team_person PRIMARY KEY (hist_id)
)TABLESPACE pg_default;
ALTER TABLE sf_schema.hist_xref_team_person OWNER to current_user;
GRANT ALL ON TABLE sf_schema.hist_xref_team_person TO current_user;

/* xref_team_person */
CREATE or REPLACE FUNCTION sf_schema.tg_fn_new_xref_team_person()
	RETURNS trigger AS $$
	DECLARE 
    		arg_value varchar;
	BEGIN
    		arg_value := TG_ARGV[0];

	INSERT INTO sf_schema.hist_xref_team_person (team_id, 
       person_id,
       comment,
       is_deleted,
       action_date, action_user, action_taken) 
       VALUES (NEW.team_id, 
       NEW.person_id,
       NEW.comment,
       NEW.is_deleted,
       NOW(), user, arg_value);
       RETURN NEW;
END;
$$
LANGUAGE 'plpgsql';

CREATE or REPLACE FUNCTION sf_schema.tg_fn_old_xref_team_person()
	RETURNS trigger AS $$
	DECLARE 
    		arg_value varchar;
	BEGIN
    		arg_value := TG_ARGV[0];

	INSERT INTO sf_schema.hist_xref_team_person (team_id, 
       person_id,
       comment,
       is_deleted,
       action_date, action_user, action_taken) 
       VALUES (OLD.team_id, 
       OLD.person_id,
       OLD.comment,
       OLD.is_deleted,
       NOW(), user, arg_value);
       RETURN OLD;
END;
$$
LANGUAGE 'plpgsql';

CREATE TRIGGER tg_insert_xref_team_person
   BEFORE INSERT
   ON sf_schema.xref_team_person
   FOR EACH ROW
   EXECUTE PROCEDURE sf_schema.tg_fn_new_xref_team_person('INSERT');

CREATE TRIGGER tg_update_xref_team_person
   BEFORE UPDATE
   ON sf_schema.xref_team_person
   FOR EACH ROW
   EXECUTE PROCEDURE sf_schema.tg_fn_new_xref_team_person('UPDATE');

CREATE TRIGGER tg_delete_xref_team_person
   BEFORE DELETE
   ON sf_schema.xref_team_person
   FOR EACH ROW
   EXECUTE PROCEDURE sf_schema.tg_fn_old_xref_team_person('DELETE');

CREATE TABLE sf_schema.xref_project_team
(
    project_id bigint NOT NULL,
    team_id bigint NOT NULL,
    comment text COLLATE pg_catalog."default",
    is_deleted boolean default false, 
    CONSTRAINT pk_xref_project_team PRIMARY KEY (project_id, team_id),
    CONSTRAINT fk_xref_project_team_team FOREIGN KEY (team_id) REFERENCES sf_schema.team (id),
    CONSTRAINT fk_xref_project_team_project FOREIGN KEY (project_id) REFERENCES sf_schema.project (id)
)TABLESPACE pg_default;
ALTER TABLE sf_schema.xref_project_team OWNER to current_user;
GRANT ALL ON TABLE sf_schema.xref_project_team TO current_user;

CREATE TABLE sf_schema.hist_xref_project_team
(
    hist_id bigint NOT NULL GENERATED BY DEFAULT AS IDENTITY,
    project_id bigint,
    team_id bigint,
    comment text COLLATE pg_catalog."default",
    is_deleted boolean, 
    action_date timestamp without time zone, 
    action_user character varying(30) COLLATE pg_catalog."default", 
    action_taken character varying(20) COLLATE pg_catalog."default",
    CONSTRAINT pk_hist_xref_project_team PRIMARY KEY (hist_id)
)TABLESPACE pg_default;
ALTER TABLE sf_schema.hist_xref_project_team OWNER to current_user;
GRANT ALL ON TABLE sf_schema.hist_xref_project_team TO current_user;

/* xref_project_team */
CREATE or REPLACE FUNCTION sf_schema.tg_fn_new_xref_project_team()
	RETURNS trigger AS $$
	DECLARE 
    		arg_value varchar;
	BEGIN
    		arg_value := TG_ARGV[0];

	INSERT INTO sf_schema.hist_xref_project_team (project_id, 
       team_id,
       comment,
       is_deleted,
       action_date, action_user, action_taken) 
       VALUES (NEW.project_id, 
       NEW.team_id,
       NEW.comment,
       NEW.is_deleted,
       NOW(), user, arg_value);
       RETURN NEW;
END;
$$
LANGUAGE 'plpgsql';

CREATE or REPLACE FUNCTION sf_schema.tg_fn_old_xref_project_team()
	RETURNS trigger AS $$
	DECLARE 
    		arg_value varchar;
	BEGIN
    		arg_value := TG_ARGV[0];

	INSERT INTO sf_schema.hist_xref_project_team (project_id, 
       team_id,
       comment,
       is_deleted,
       action_date, action_user, action_taken) 
       VALUES (OLD.project_id, 
       OLD.team_id,
       OLD.comment,
       OLD.is_deleted,
       NOW(), user, arg_value);
       RETURN OLD;
END;
$$
LANGUAGE 'plpgsql';

CREATE TRIGGER tg_insert_xref_project_team
   BEFORE INSERT
   ON sf_schema.xref_project_team
   FOR EACH ROW
   EXECUTE PROCEDURE sf_schema.tg_fn_new_xref_project_team('INSERT');

CREATE TRIGGER tg_update_xref_project_team
   BEFORE UPDATE
   ON sf_schema.xref_project_team
   FOR EACH ROW
   EXECUTE PROCEDURE sf_schema.tg_fn_new_xref_project_team('UPDATE');

CREATE TRIGGER tg_delete_xref_project_team
   BEFORE DELETE
   ON sf_schema.xref_project_team
   FOR EACH ROW
   EXECUTE PROCEDURE sf_schema.tg_fn_old_xref_project_team('DELETE');



/**************************************/
/* ****** The External Feeds ******** */
/**************************************/
CREATE SCHEMA sf_ex_schema;

CREATE TABLE sf_ex_schema.pwr_bi_main
(
    id bigint NOT NULL GENERATED BY DEFAULT AS IDENTITY,
    title text COLLATE pg_catalog."default",
    comment text COLLATE pg_catalog."default",
    is_deleted boolean default false, 
    CONSTRAINT pk_pwr_bi_main PRIMARY KEY (id)
)TABLESPACE pg_default;
ALTER TABLE sf_ex_schema.pwr_bi_main OWNER to current_user;
GRANT ALL ON TABLE sf_ex_schema.pwr_bi_main TO current_user;

CREATE TABLE sf_ex_schema.hist_pwr_bi_main
(
    hist_id bigint NOT NULL GENERATED BY DEFAULT AS IDENTITY,
    id bigint,
    title text COLLATE pg_catalog."default",
    comment text COLLATE pg_catalog."default",
    is_deleted boolean, 
    action_date timestamp without time zone, 
    action_user character varying(30) COLLATE pg_catalog."default", 
    action_taken character varying(20) COLLATE pg_catalog."default",
    CONSTRAINT pk_hist_pwr_bi_main PRIMARY KEY (hist_id)
)TABLESPACE pg_default;
ALTER TABLE sf_ex_schema.hist_pwr_bi_main OWNER to current_user;
GRANT ALL ON TABLE sf_ex_schema.hist_pwr_bi_main TO current_user;

/* pwr_bi_main */
CREATE or REPLACE FUNCTION sf_ex_schema.tg_fn_new_pwr_bi_main()
	RETURNS trigger AS $$
	DECLARE 
    		arg_value varchar;
	BEGIN
    		arg_value := TG_ARGV[0];

	INSERT INTO sf_schema.hist_pwr_bi_main (id, 
       title,
       comment,
       is_deleted,
       action_date, action_user, action_taken) 
       VALUES (NEW.id, 
       NEW.title,
       NEW.comment,
       NEW.is_deleted,
       NOW(), user, arg_value);
       RETURN NEW;
END;
$$
LANGUAGE 'plpgsql';

CREATE or REPLACE FUNCTION sf_ex_schema.tg_fn_old_pwr_bi_main()
	RETURNS trigger AS $$
	DECLARE 
    		arg_value varchar;
	BEGIN
    		arg_value := TG_ARGV[0];

	INSERT INTO sf_schema.hist_pwr_bi_main (id, 
       title,
       comment,
       is_deleted,
       action_date, action_user, action_taken) 
       VALUES (OLD.id, 
       OLD.title,
       OLD.comment,
       OLD.is_deleted,
       NOW(), user, arg_value);
       RETURN OLD;
END;
$$
LANGUAGE 'plpgsql';

CREATE TRIGGER tg_insert_pwr_bi_main
   BEFORE INSERT
   ON sf_ex_schema.pwr_bi_main
   FOR EACH ROW
   EXECUTE PROCEDURE sf_ex_schema.tg_fn_new_pwr_bi_main('INSERT');

CREATE TRIGGER tg_update_pwr_bi_main
   BEFORE UPDATE
   ON sf_ex_schema.pwr_bi_main
   FOR EACH ROW
   EXECUTE PROCEDURE sf_ex_schema.tg_fn_new_pwr_bi_main('UPDATE');

CREATE TRIGGER tg_delete_pwr_bi_main
   BEFORE DELETE
   ON sf_ex_schema.pwr_bi_main
   FOR EACH ROW
   EXECUTE PROCEDURE sf_ex_schema.tg_fn_old_pwr_bi_main('DELETE');

CREATE TABLE sf_schema.xref_pwr_bi_main_program
(
    pwr_bi_main_id bigint NOT NULL,
    program_id bigint NOT NULL,
    comment text COLLATE pg_catalog."default",
    is_deleted boolean default false, 
    CONSTRAINT pk_xref_pwr_bi_main_program PRIMARY KEY (pwr_bi_main_id, program_id),
    CONSTRAINT fk_xref_pwr_bi_main_program_pwr_bi FOREIGN KEY (pwr_bi_main_id) REFERENCES sf_ex_schema.pwr_bi_main (id),
    CONSTRAINT fk_xref_pwr_bi_main_program_program FOREIGN KEY (program_id) REFERENCES sf_schema.program (id)
)TABLESPACE pg_default;
ALTER TABLE sf_schema.xref_pwr_bi_main_program OWNER to current_user;
GRANT ALL ON TABLE sf_schema.xref_pwr_bi_main_program TO current_user;

CREATE TABLE sf_schema.hist_xref_pwr_bi_main_program
(
    hist_id bigint NOT NULL GENERATED BY DEFAULT AS IDENTITY,
    pwr_bi_main_id bigint,
    program_id bigint,
    comment text COLLATE pg_catalog."default",
    is_deleted boolean, 
    action_date timestamp without time zone, 
    action_user character varying(30) COLLATE pg_catalog."default", 
    action_taken character varying(20) COLLATE pg_catalog."default",
    CONSTRAINT pk_hist_xref_pwr_bi_main_program PRIMARY KEY (hist_id)
)TABLESPACE pg_default;
ALTER TABLE sf_schema.hist_xref_pwr_bi_main_program OWNER to current_user;
GRANT ALL ON TABLE sf_schema.hist_xref_pwr_bi_main_program TO current_user;

CREATE or REPLACE FUNCTION sf_schema.tg_fn_new_xref_pwr_bi_main_program()
	RETURNS trigger AS $$
	DECLARE 
    		arg_value varchar;
	BEGIN
    		arg_value := TG_ARGV[0];

	INSERT INTO sf_schema.hist_xref_pwr_bi_main_program (pwr_bi_main_id, 
       program_id,
       comment,
       is_deleted,
       action_date, action_user, action_taken) 
       VALUES (NEW.pwr_bi_main_id, 
       NEW.program_id,
       NEW.comment,
       NEW.is_deleted,
       NOW(), user, arg_value);
       RETURN NEW;
END;
$$
LANGUAGE 'plpgsql';

CREATE or REPLACE FUNCTION sf_schema.tg_fn_old_xref_pwr_bi_main_program()
	RETURNS trigger AS $$
	DECLARE 
    		arg_value varchar;
	BEGIN
    		arg_value := TG_ARGV[0];

	INSERT INTO sf_schema.hist_xref_pwr_bi_main_program (pwr_bi_main_id, 
       program_id,
       comment,
       is_deleted,
       action_date, action_user, action_taken) 
       VALUES (OLD.pwr_bi_main_id, 
       OLD.program,
       OLD.comment,
       OLD.is_deleted,
       NOW(), user, arg_value);
       RETURN OLD;
END;
$$
LANGUAGE 'plpgsql';

CREATE TRIGGER tg_insert_xref_pwr_bi_main_program
   BEFORE INSERT
   ON sf_schema.xref_pwr_bi_main_program
   FOR EACH ROW
   EXECUTE PROCEDURE sf_schema.tg_fn_new_xref_pwr_bi_main_program('INSERT');

CREATE TRIGGER tg_update_xref_pwr_bi_main_program
   BEFORE UPDATE
   ON sf_schema.xref_pwr_bi_main_program
   FOR EACH ROW
   EXECUTE PROCEDURE sf_schema.tg_fn_new_xref_pwr_bi_main_program('UPDATE');

CREATE TRIGGER tg_delete_xref_pwr_bi_main_program
   BEFORE DELETE
   ON sf_schema.xref_pwr_bi_main_program
   FOR EACH ROW
   EXECUTE PROCEDURE sf_schema.tg_fn_old_xref_pwr_bi_main_program('DELETE');

CREATE TABLE sf_ex_schema.ms_project_main
(
    id bigint NOT NULL GENERATED BY DEFAULT AS IDENTITY,
    title text COLLATE pg_catalog."default",
    comment text COLLATE pg_catalog."default",
    is_deleted boolean default false, 
    CONSTRAINT pk_ms_project_main PRIMARY KEY (id)
)TABLESPACE pg_default;
ALTER TABLE sf_ex_schema.ms_project_main OWNER to current_user;
GRANT ALL ON TABLE sf_ex_schema.ms_project_main TO current_user;

CREATE TABLE sf_ex_schema.hist_ms_project_main
(
    hist_id bigint NOT NULL GENERATED BY DEFAULT AS IDENTITY,
    id bigint,
    title text COLLATE pg_catalog."default",
    comment text COLLATE pg_catalog."default",
    is_deleted boolean, 
    action_date timestamp without time zone, 
    action_user character varying(30) COLLATE pg_catalog."default", 
    action_taken character varying(20) COLLATE pg_catalog."default",
    CONSTRAINT pk_hist_ms_project_main PRIMARY KEY (hist_id)
)TABLESPACE pg_default;
ALTER TABLE sf_ex_schema.hist_ms_project_main OWNER to current_user;
GRANT ALL ON TABLE sf_ex_schema.hist_ms_project_main TO current_user;

CREATE or REPLACE FUNCTION sf_ex_schema.tg_fn_new_ms_project_main()
	RETURNS trigger AS $$
	DECLARE 
    		arg_value varchar;
	BEGIN
    		arg_value := TG_ARGV[0];

	INSERT INTO sf_ex_schema.hist_ms_project_main (id, 
       title_id,
       comment,
       is_deleted,
       action_date, action_user, action_taken) 
       VALUES (NEW.id, 
       NEW.title,
       NEW.comment,
       NEW.is_deleted,
       NOW(), user, arg_value);
       RETURN NEW;
END;
$$
LANGUAGE 'plpgsql';

CREATE or REPLACE FUNCTION sf_ex_schema.tg_fn_old_ms_project_main()
	RETURNS trigger AS $$
	DECLARE 
    		arg_value varchar;
	BEGIN
    		arg_value := TG_ARGV[0];

	INSERT INTO sf_ex_schema.hist_ms_project_main (id, 
       title_id,
       comment,
       is_deleted,
       action_date, action_user, action_taken) 
       VALUES (OLD.id, 
       OLD.title,
       OLD.comment,
       OLD.is_deleted,
       NOW(), user, arg_value);
       RETURN OLD;
END;
$$
LANGUAGE 'plpgsql';

CREATE TRIGGER tg_insert_ms_project_main
   BEFORE INSERT
   ON sf_ex_schema.ms_project_main
   FOR EACH ROW
   EXECUTE PROCEDURE sf_ex_schema.tg_fn_new_ms_project_main('INSERT');

CREATE TRIGGER tg_update_ms_project_main
   BEFORE UPDATE
   ON sf_ex_schema.ms_project_main
   FOR EACH ROW
   EXECUTE PROCEDURE sf_ex_schema.tg_fn_new_ms_project_main('UPDATE');

CREATE TRIGGER tg_delete_ms_project_main
   BEFORE DELETE
   ON sf_ex_schema.ms_project_main
   FOR EACH ROW
   EXECUTE PROCEDURE sf_ex_schema.tg_fn_old_ms_project_main('DELETE');

CREATE TABLE sf_schema.xref_ms_project_main_project
(
    ms_project_id bigint NOT NULL,
    project_id bigint NOT NULL,
    comment text COLLATE pg_catalog."default",
    is_deleted boolean default false, 
    CONSTRAINT pk_ms_project_main_project PRIMARY KEY (ms_project_id, project_id),
    CONSTRAINT fk_xref_ms_project_project_ms_project FOREIGN KEY (ms_project_id) REFERENCES sf_ex_schema.ms_project_main (id),
    CONSTRAINT fk_xref_ms_project_project_project FOREIGN KEY (project_id) REFERENCES sf_schema.project (id)
)TABLESPACE pg_default;
ALTER TABLE sf_schema.xref_ms_project_main_project OWNER to current_user;
GRANT ALL ON TABLE sf_schema.xref_ms_project_main_project TO current_user;

CREATE TABLE sf_schema.hist_xref_ms_project_main_project
(
    hist_id bigint NOT NULL GENERATED BY DEFAULT AS IDENTITY,
    ms_project_id bigint,
    project_id bigint,
    comment text COLLATE pg_catalog."default",
    is_deleted boolean, 
    action_date timestamp without time zone, 
    action_user character varying(30) COLLATE pg_catalog."default", 
    action_taken character varying(20) COLLATE pg_catalog."default",
    CONSTRAINT pk_hist_ms_project_main PRIMARY KEY (hist_id)
)TABLESPACE pg_default;
ALTER TABLE sf_schema.hist_xref_ms_project_main_project OWNER to current_user;
GRANT ALL ON TABLE sf_schema.hist_xref_ms_project_main_project TO current_user;

CREATE or REPLACE FUNCTION sf_schema.tg_fn_new_xref_ms_project_main_project()
	RETURNS trigger AS $$
	DECLARE 
    		arg_value varchar;
	BEGIN
    		arg_value := TG_ARGV[0];

	INSERT INTO sf_schema.hist_xref_ms_project_main_project (ms_project_id, 
       project_id,
       comment,
       is_deleted,
       action_date, action_user, action_taken) 
       VALUES (NEW.pwr_bi_main_id, 
       NEW.program_id,
       NEW.comment,
       NEW.is_deleted,
       NOW(), user, arg_value);
       RETURN NEW;
END;
$$
LANGUAGE 'plpgsql';

CREATE or REPLACE FUNCTION sf_schema.tg_fn_old_xref_ms_project_main_project()
	RETURNS trigger AS $$
	DECLARE 
    		arg_value varchar;
	BEGIN
    		arg_value := TG_ARGV[0];

	INSERT INTO sf_schema.hist_xref_ms_project_main_project (ms_project_main_id, 
       project_id,
       comment,
       is_deleted,
       action_date, action_user, action_taken) 
       VALUES (OLD.ms_project_main_id, 
       OLD.project,
       OLD.comment,
       OLD.is_deleted,
       NOW(), user, arg_value);
       RETURN OLD;
END;
$$
LANGUAGE 'plpgsql';

CREATE TRIGGER tg_insert_xref_ms_project_main_project
   BEFORE INSERT
   ON sf_schema.xref_ms_project_main_project
   FOR EACH ROW
   EXECUTE PROCEDURE sf_schema.tg_fn_new_xref_ms_project_main_project('INSERT');

CREATE TRIGGER tg_update_xref_ms_project_main_project
   BEFORE UPDATE
   ON sf_schema.xref_ms_project_main_project
   FOR EACH ROW
   EXECUTE PROCEDURE sf_schema.tg_fn_new_xref_ms_project_main_project('UPDATE');

CREATE TRIGGER tg_delete_xref_ms_project_main_project
   BEFORE DELETE
   ON sf_schema.xref_ms_project_main_project
   FOR EACH ROW
   EXECUTE PROCEDURE sf_schema.tg_fn_old_xref_ms_project_main_project('DELETE');

 
/**********************************************/
/* Trigger functions to add the new attribute */
/**********************************************/
/* program */
CREATE or REPLACE FUNCTION sf_schema.tg_fn_new_program()
	RETURNS trigger AS $$
	DECLARE 
    		arg_value varchar;
	BEGIN
    		arg_value := TG_ARGV[0];

	INSERT INTO sf_schema.hist_program (id, 
       name,
       budget,
       date_start,
       date_end,
       comment,
       is_deleted,
       action_date, action_user, action_taken) 
       VALUES (NEW.id, 
       NEW.name,
       NEW.budget,
       NEW.date_start,
       NEW.date_end,
       NEW.comment,
       NEW.is_deleted,
       NOW(), user, arg_value);
       RETURN NEW;
END;
$$
LANGUAGE 'plpgsql';

CREATE or REPLACE FUNCTION sf_schema.tg_fn_old_program()
	RETURNS trigger AS $$
	DECLARE 
    		arg_value varchar;
	BEGIN
    		arg_value := TG_ARGV[0];

	INSERT INTO sf_schema.hist_program (id, 
       name,
       budget,
       date_start,
       date_end,
       comment,
       is_deleted,
       action_date, action_user, action_taken) 
       VALUES (OLD.id, 
       OLD.name,
       OLD.budget,
       OLD.date_start,
       OLD.date_end,
       OLD.comment,
       OLD.is_deleted,
       NOW(), user, arg_value);
       RETURN OLD;
END;
$$
LANGUAGE 'plpgsql';

/* project */
CREATE or REPLACE FUNCTION sf_schema.tg_fn_new_project()
	RETURNS trigger AS $$
	DECLARE 
    		arg_value varchar;
	BEGIN
    		arg_value := TG_ARGV[0];

	INSERT INTO sf_schema.hist_project (id, 
       name,
       program_id,
       date_start,
       date_end,
       total_cost,
       comment,
	 is_deleted,
       action_date, action_user, action_taken) 
       VALUES (NEW.id, 
       NEW.name,
       NEW.program_id,
       NEW.date_start,
       NEW.date_end,
       NEW.total_cost,
       NEW.comment,
	 NEW.is_deleted,
       NOW(), user, arg_value);
       RETURN NEW;
END;
$$
LANGUAGE 'plpgsql';

CREATE or REPLACE FUNCTION sf_schema.tg_fn_old_project()
	RETURNS trigger AS $$
	DECLARE 
    		arg_value varchar;
	BEGIN
    		arg_value := TG_ARGV[0];

	INSERT INTO sf_schema.hist_project (id, 
       name,
       program_id,
       date_start,
       date_end,
       total_cost,
       comment,
	 is_deleted,
       action_date, action_user, action_taken) 
       VALUES (OLD.id, 
       OLD.name,
       OLD.program_id,
       OLD.date_start,
       OLD.date_end,
       OLD.total_cost,
       OLD.comment,
	 OLD.is_deleted,
       NOW(), user, arg_value);
       RETURN OLD;
END;
$$
LANGUAGE 'plpgsql';

/* release */
CREATE or REPLACE FUNCTION sf_schema.tg_fn_new_release()
	RETURNS trigger AS $$
	DECLARE 
    		arg_value varchar;
	BEGIN
    		arg_value := TG_ARGV[0];

	INSERT INTO sf_schema.hist_release (id, 
       name,
       date,
       program_id,
	 is_deleted,
       action_date, action_user, action_taken) 
       VALUES (NEW.id, 
       NEW.name,
       NEW.date,
       NEW.program_id,
	 NEW.is_deleted,
       NOW(), user, arg_value);
       RETURN NEW;
END;
$$
LANGUAGE 'plpgsql';

CREATE or REPLACE FUNCTION sf_schema.tg_fn_old_release()
	RETURNS trigger AS $$
	DECLARE 
    		arg_value varchar;
	BEGIN
    		arg_value := TG_ARGV[0];

	INSERT INTO sf_schema.hist_release (id, 
       name,
       date,
       program_id,	
       is_deleted,
       action_date, action_user, action_taken) 
       VALUES (OLD.id, 
       OLD.name,
       OLD.date,
       OLD.program_id,
       OLD.is_deleted,
       NOW(), user, arg_value);
       RETURN OLD;
END;
$$
LANGUAGE 'plpgsql';

/* list_region */
CREATE or REPLACE FUNCTION sf_schema.tg_fn_new_list_region()
	RETURNS trigger AS $$
	DECLARE 
    		arg_value varchar;
	BEGIN
    		arg_value := TG_ARGV[0];

	INSERT INTO sf_schema.hist_list_region (id, 
       name,
       is_deleted,
       action_date, action_user, action_taken) 
       VALUES (NEW.id, 
       NEW.name,
       NEW.is_deleted,
       NOW(), user, arg_value);
       RETURN NEW;
END;
$$
LANGUAGE 'plpgsql';

CREATE or REPLACE FUNCTION sf_schema.tg_fn_old_list_region()
	RETURNS trigger AS $$
	DECLARE 
    		arg_value varchar;
	BEGIN
    		arg_value := TG_ARGV[0];
	INSERT INTO sf_schema.hist_list_region (id, 
       name,
       is_deleted,
       action_date, action_user, action_taken) 
       VALUES (OLD.id, 
       OLD.name,
       OLD.is_deleted,
       NOW(), user, arg_value);
       RETURN OLD;
END;
$$
LANGUAGE 'plpgsql';

/* list_tool */
CREATE or REPLACE FUNCTION sf_schema.tg_fn_new_list_tool()
	RETURNS trigger AS $$
	DECLARE 
    		arg_value varchar;
	BEGIN
    		arg_value := TG_ARGV[0];

	INSERT INTO sf_schema.hist_list_tool (id, 
       name,
       location,
       cost,
       comment,
       is_deleted,
       action_date, action_user, action_taken) 
       VALUES (NEW.id, 
       NEW.name,
       NEW.location,
       NEW.cost,
       NEW.comment,
       NEW.is_deleted,
       NOW(), user, arg_value);
       RETURN NEW;
END;
$$
LANGUAGE 'plpgsql';

CREATE or REPLACE FUNCTION sf_schema.tg_fn_old_list_tool()
	RETURNS trigger AS $$
	DECLARE 
    		arg_value varchar;
	BEGIN
    		arg_value := TG_ARGV[0];

	INSERT INTO sf_schema.hist_list_tool (id, 
       name,
       location,
       cost,
       comment,
       is_deleted,
       action_date, action_user, action_taken) 
       VALUES (OLD.id, 
       OLD.name,
       OLD.location,
       OLD.cost,
       OLD.comment,
       OLD.is_deleted,
       NOW(), user, arg_value);
       RETURN OLD;
END;
$$
LANGUAGE 'plpgsql';

/* dependency */
CREATE or REPLACE FUNCTION sf_schema.tg_fn_new_dependency()
	RETURNS trigger AS $$
	DECLARE 
    		arg_value varchar;
	BEGIN
    		arg_value := TG_ARGV[0];

	INSERT INTO sf_schema.hist_dependency (id, 
       name,
       type,
       cost,
       date_start,
       comment,
       is_deleted,
       action_date, action_user, action_taken) 
       VALUES (NEW.id, 
       NEW.name,
       NEW.type,
       NEW.cost,
       NEW.date_start,
       NEW.comment,
       NEW.is_deleted,
       NOW(), user, arg_value);
       RETURN NEW;
END;
$$
LANGUAGE 'plpgsql';

CREATE or REPLACE FUNCTION sf_schema.tg_fn_old_dependency()
	RETURNS trigger AS $$
	DECLARE 
    		arg_value varchar;
	BEGIN
    		arg_value := TG_ARGV[0];

	INSERT INTO sf_schema.hist_dependency (id, 
       name,
       type,
       cost,
       date_start,
       comment,
       is_deleted,
       action_date, action_user, action_taken) 
       VALUES (OLD.id, 
       OLD.name,
       OLD.type,
       OLD.cost,
       OLD.date_start,
       OLD.comment,
       OLD.is_deleted,
       NOW(), user, arg_value);
       RETURN OLD;
END;
$$
LANGUAGE 'plpgsql';

/* process */
CREATE or REPLACE FUNCTION sf_schema.tg_fn_new_process()
	RETURNS trigger AS $$
	DECLARE 
    		arg_value varchar;
	BEGIN
    		arg_value := TG_ARGV[0];

	INSERT INTO sf_schema.hist_process (id, 
       project_id,
       name,
       date_start,
       date_end,
       comment,
       is_deleted,
       action_date, action_user, action_taken) 
       VALUES (NEW.id, 
       NEW.project_id,
       NEW.name,
       NEW.date_start,
       NEW.date_end,
       NEW.comment,
       NEW.is_deleted,
       NOW(), user, arg_value);
       RETURN NEW;
END;
$$
LANGUAGE 'plpgsql';

CREATE or REPLACE FUNCTION sf_schema.tg_fn_old_process()
	RETURNS trigger AS $$
	DECLARE 
    		arg_value varchar;
	BEGIN
    		arg_value := TG_ARGV[0];

	INSERT INTO sf_schema.hist_process (id, 
       project_id,
       name,
       date_start,
       date_end,
       comment,
       is_deleted,
       action_date, action_user, action_taken) 
       VALUES (OLD.id, 
       OLD.project_id,
       OLD.name,
       OLD.date_start,
       OLD.date_end,
       OLD.comment,
       OLD.is_deleted,
       NOW(), user, arg_value);
       RETURN OLD;
END;
$$
LANGUAGE 'plpgsql';

/* list_role */
CREATE or REPLACE FUNCTION sf_schema.tg_fn_new_list_role()
	RETURNS trigger AS $$
	DECLARE 
    		arg_value varchar;
	BEGIN
    		arg_value := TG_ARGV[0];

	INSERT INTO sf_schema.hist_list_role (id, 
       name,
       is_deleted,
       action_date, action_user, action_taken) 
       VALUES (NEW.id, 
       NEW.name,
       NEW.is_deleted,
       NOW(), user, arg_value);
       RETURN NEW;
END;
$$
LANGUAGE 'plpgsql';

CREATE or REPLACE FUNCTION sf_schema.tg_fn_old_list_role()
	RETURNS trigger AS $$
	DECLARE 
    		arg_value varchar;
	BEGIN
    		arg_value := TG_ARGV[0];

	INSERT INTO sf_schema.hist_list_role (id, 
       name,
       is_deleted,
       action_date, action_user, action_taken) 
       VALUES (OLD.id, 
       OLD.name,
       OLD.is_deleted,
       NOW(), user, arg_value);
       RETURN OLD;
END;
$$
LANGUAGE 'plpgsql';

/* list_skill */
CREATE or REPLACE FUNCTION sf_schema.tg_fn_new_list_skill()
	RETURNS trigger AS $$
	DECLARE 
    		arg_value varchar;
	BEGIN
    		arg_value := TG_ARGV[0];

	INSERT INTO sf_schema.hist_list_skill (id, 
       name,
       comment,
       is_deleted,
       action_date, action_user, action_taken) 
       VALUES (NEW.id, 
       NEW.name,
       NEW,comment,
       NEW.is_deleted,
       NOW(), user, arg_value);
       RETURN NEW;
END;
$$
LANGUAGE 'plpgsql';

CREATE or REPLACE FUNCTION sf_schema.tg_fn_old_list_skill()
	RETURNS trigger AS $$
	DECLARE 
    		arg_value varchar;
	BEGIN
    		arg_value := TG_ARGV[0];

	INSERT INTO sf_schema.hist_list_skill (id, 
       name,
       comment,
       is_deleted,
       action_date, action_user, action_taken) 
       VALUES (OLD.id, 
       OLD.name,
       OLD.comment,
       OLD.is_deleted,
       NOW(), user, arg_value);
       RETURN OLD;
END;
$$
LANGUAGE 'plpgsql';

/* team */
CREATE or REPLACE FUNCTION sf_schema.tg_fn_new_team()
	RETURNS trigger AS $$
	DECLARE 
    		arg_value varchar;
	BEGIN
    		arg_value := TG_ARGV[0];

	INSERT INTO sf_schema.hist_team (id, 
       name,
       comment,
       is_deleted,
       action_date, action_user, action_taken) 
       VALUES (NEW.id, 
       NEW.name,
       NEW.comment,
       NEW.is_deleted,
       NOW(), user, arg_value);
       RETURN NEW;
END;
$$
LANGUAGE 'plpgsql';

CREATE or REPLACE FUNCTION sf_schema.tg_fn_old_team()
	RETURNS trigger AS $$
	DECLARE 
    		arg_value varchar;
	BEGIN
    		arg_value := TG_ARGV[0];

	INSERT INTO sf_schema.hist_team (id, 
       name,
       comment,
       is_deleted,
       action_date, action_user, action_taken) 
       VALUES (OLD.id, 
       OLD.name,
       OLD.comment,
       OLD.is_deleted,
       NOW(), user, arg_value);
       RETURN OLD;
END;
$$
LANGUAGE 'plpgsql';

/* contact */
CREATE or REPLACE FUNCTION sf_schema.tg_fn_new_contact()
	RETURNS trigger AS $$
	DECLARE 
    		arg_value varchar;
	BEGIN
    		arg_value := TG_ARGV[0];

	INSERT INTO sf_schema.hist_contact (id, 
       address_ln1,
       address_ln2,
       city,
       region_id,
       phone,
       email,
       preferred_contact,
       postal_code,
       comment,
       is_deleted,
       action_date, action_user, action_taken) 
       VALUES (NEW.id, 
       NEW.address_ln1,
       NEW.address_ln2,
       NEW.city,
       NEW.region_id,
       NEW.phone,
       NEW.email,
       NEW.preferred_contact,
       NEW.postal_code,
       NEW.comment,
       NEW.is_deleted,
       NOW(), user, arg_value);
       RETURN NEW;
END;
$$
LANGUAGE 'plpgsql';

CREATE or REPLACE FUNCTION sf_schema.tg_fn_old_contact()
	RETURNS trigger AS $$
	DECLARE 
    		arg_value varchar;
	BEGIN
    		arg_value := TG_ARGV[0];

	INSERT INTO sf_schema.hist_contact (id, 
       address_ln1,
       address_ln2,
       city,
       region_id,
       phone,
       email,
       preferred_contact,
       postal_code,
       comment,
       is_deleted,
       action_date, action_user, action_taken) 
       VALUES (OLD.id, 
       OLD.address_ln1,
       OLD.address_ln2,
       OLD.city,
       OLD.region_id,
       OLD.phone,
       OLD.email,
       OLD.preferred_contact,
       OLD.postal_code,
       OLD.comment,
       OLD.is_deleted,
       NOW(), user, arg_value);
       RETURN OLD;
END;
$$
LANGUAGE 'plpgsql';

/* customer */
CREATE or REPLACE FUNCTION sf_schema.tg_fn_new_customer()
	RETURNS trigger AS $$
	DECLARE 
    		arg_value varchar;
	BEGIN
    		arg_value := TG_ARGV[0];

	INSERT INTO sf_schema.hist_customer (id, 
       name,
       contact_id,
       comment,
       is_deleted,
       action_date, action_user, action_taken) 
       VALUES (NEW.id, 
       NEW.name,
       NEW.contact_id,
       NEW.comment,
       NEW.is_deleted,
       NOW(), user, arg_value);
       RETURN NEW;
END;
$$
LANGUAGE 'plpgsql';

CREATE or REPLACE FUNCTION sf_schema.tg_fn_old_customer()
	RETURNS trigger AS $$
	DECLARE 
    		arg_value varchar;
	BEGIN
    		arg_value := TG_ARGV[0];

	INSERT INTO sf_schema.hist_customer (id, 
       name,
       contact_id,
       comment,
       is_deleted,
       action_date, action_user, action_taken) 
       VALUES (OLD.id, 
       OLD.name,
       OLD.contact_id,
       OLD.comment,
       OLD.is_deleted,
       NOW(), user, arg_value);
       RETURN OLD;
END;
$$
LANGUAGE 'plpgsql';

/* person */
CREATE or REPLACE FUNCTION sf_schema.tg_fn_new_person()
	RETURNS trigger AS $$
	DECLARE 
    		arg_value varchar;
	BEGIN
    		arg_value := TG_ARGV[0];

	INSERT INTO sf_schema.hist_person (id, 
       f_name,
       m_name,
       l_name,
       primary_skill_id,
       comment,
       contact_id,
       cost,
       is_deleted,
       action_date, action_user, action_taken) 
       VALUES (NEW.id, 
       NEW.f_name,
       NEW.m_name,
       NEW.l_name,
       NEW.primary_skill_id,
       NEW.comment,
       NEW.contact_id,
       NEW.cost,
       NEW.is_deleted,
       NOW(), user, arg_value);
       RETURN NEW;
END;
$$
LANGUAGE 'plpgsql';

CREATE or REPLACE FUNCTION sf_schema.tg_fn_old_person()
	RETURNS trigger AS $$
	DECLARE 
    		arg_value varchar;
	BEGIN
    		arg_value := TG_ARGV[0];

	INSERT INTO sf_schema.hist_person (id, 
       f_name,
       m_name,
       l_name,
       primary_skill_id,
       comment,
       contact_id,
       cost,
       is_deleted,
       action_date, action_user, action_taken) 
       VALUES (OLD.id, 
       OLD.f_name,
       OLD.m_name,
       OLD.l_name,
       OLD.primary_skill_id,
       OLD.comment,
       OLD.contact_id,
       OLD.cost,
       OLD.is_deleted,
       NOW(), user, arg_value);
       RETURN OLD;
END;
$$
LANGUAGE 'plpgsql';

/* xref_person_role */
CREATE or REPLACE FUNCTION sf_schema.tg_fn_new_xref_person_role()
	RETURNS trigger AS $$
	DECLARE 
    		arg_value varchar;
	BEGIN
    		arg_value := TG_ARGV[0];

	INSERT INTO sf_schema.hist_xref_person_role (person_id, 
       list_role_id,
       date_created,
       comment,
       is_primary_role,
       is_deleted,
       action_date, action_user, action_taken) 
       VALUES (NEW.person_id, 
       NEW.list_role_id,
       NEW.date_created,
       NEW.comment,
       NEW.is_primary_role,
       NEW.is_deleted,
       NOW(), user, arg_value);
       RETURN NEW;
END;
$$
LANGUAGE 'plpgsql';

CREATE or REPLACE FUNCTION sf_schema.tg_fn_old_xref_person_role()
	RETURNS trigger AS $$
	DECLARE 
    		arg_value varchar;
	BEGIN
    		arg_value := TG_ARGV[0];

	INSERT INTO sf_schema.hist_xref_person_role (person_id, 
       list_role_id,
       date_created,
       comment,
       is_primary_role,
       is_deleted,
       action_date, action_user, action_taken) 
       VALUES (OLD.person_id, 
       OLD.list_role_id,
       OLD.date_created,
       OLD.comment,
       OLD.is_primary_role,
       OLD.is_deleted,
       NOW(), user, arg_value);
       RETURN OLD;
END;
$$
LANGUAGE 'plpgsql';

/* xref_person_skill */
CREATE OR REPLACE FUNCTION sf_schema.tg_fn_new_xref_person_skill()
    RETURNS trigger
    LANGUAGE 'plpgsql'
AS $BODY$
DECLARE
    arg_value varchar;
    BEGIN
    arg_value := TG_ARGV[0];

    INSERT INTO sf_schema.hist_xref_person_skill (person_id,
    list_skill_id,
    date_acquired,
    skill_level,
    years_experience,
    awards,
    comment,
    is_deleted,
    action_date, action_user, action_taken)
    VALUES (NEW.person_id,
    NEW.list_skill_id,
    NEW.date_acquired,
    NEW.skill_level,
    NEW.years_experience,
    NEW.awards,
    NEW.comment,
    NEW.is_deleted,
    NOW(), user, arg_value);
    RETURN NEW;
    END;
$BODY$;

-- FUNCTION: sf_schema.tg_fn_old_xref_person_skill()
-- DROP FUNCTION sf_schema.tg_fn_old_xref_person_skill();
CREATE OR REPLACE FUNCTION sf_schema.tg_fn_old_xref_person_skill()
    RETURNS trigger
    LANGUAGE 'plpgsql'
AS $BODY$
DECLARE
    arg_value varchar;
    BEGIN
    arg_value := TG_ARGV[0];

    INSERT INTO sf_schema.hist_xref_person_skill (person_id,
    list_skill_id,
    date_acquired,
    skill_level,
    years_experience,
    awards,
    comment,
    is_deleted,
    action_date, action_user, action_taken)
    VALUES (OLD.person_id,
    OLD.list_skill_id,
    OLD.date_acquired,
    OLD.skill_level,
    OLD.years_experience,
    OLD.awards,
    OLD.comment,
    OLD.is_deleted,
    NOW(), user, arg_value);
    RETURN OLD;
    END;
$BODY$;

/* xref_program_customer */
CREATE or REPLACE FUNCTION sf_schema.tg_fn_new_xref_program_customer()
	RETURNS trigger AS $$
	DECLARE 
    		arg_value varchar;
	BEGIN
    		arg_value := TG_ARGV[0];

	INSERT INTO sf_schema.hist_xref_program_customer (program_id, 
       customer_id,
       funding_line,
       is_deleted,
       action_date, action_user, action_taken) 
       VALUES (NEW.program_id, 
       NEW.customer_id,
       NEW.funding_line,
       NEW.is_deleted,
       NOW(), user, arg_value);
       RETURN NEW;
END;
$$
LANGUAGE 'plpgsql';

CREATE or REPLACE FUNCTION sf_schema.tg_fn_old_xref_program_customer()
	RETURNS trigger AS $$
	DECLARE 
    		arg_value varchar;
	BEGIN
    		arg_value := TG_ARGV[0];

	INSERT INTO sf_schema.hist_xref_program_customer (program_id, 
       customer_id,
       funding_line,
       is_deleted,
       action_date, action_user, action_taken) 
       VALUES (OLD.program_id, 
       OLD.customer_id,
       OLD.funding_line,
       OLD.is_deleted,
       NOW(), user, arg_value);
       RETURN OLD;
END;
$$
LANGUAGE 'plpgsql';

/* xref_release_project */
CREATE or REPLACE FUNCTION sf_schema.tg_fn_new_xref_release_project()
	RETURNS trigger AS $$
	DECLARE 
    		arg_value varchar;
	BEGIN
    		arg_value := TG_ARGV[0];

	INSERT INTO sf_schema.hist_xref_release_project (project_id, 
       release_id,
       comment,
       is_deleted,
       action_date, action_user, action_taken) 
       VALUES (NEW.project_id, 
       NEW.release_id,
       NEW.comment,
       NEW.is_deleted,
       NOW(), user, arg_value);
       RETURN NEW;
END;
$$
LANGUAGE 'plpgsql';

CREATE or REPLACE FUNCTION sf_schema.tg_fn_old_xref_release_project()
	RETURNS trigger AS $$
	DECLARE 
    		arg_value varchar;
	BEGIN
    		arg_value := TG_ARGV[0];

	INSERT INTO sf_schema.hist_xref_release_project (project_id, 
       release_id,
       comment,
       is_deleted,
       action_date, action_user, action_taken) 
       VALUES (OLD.project_id, 
       OLD.release_id,
       OLD.comment,
       OLD.is_deleted,
       NOW(), user, arg_value);
       RETURN OLD;
END;
$$
LANGUAGE 'plpgsql';

/* xref_project_person_role */
CREATE or REPLACE FUNCTION sf_schema.tg_fn_new_xref_project_person_role()
	RETURNS trigger AS $$
	DECLARE 
    		arg_value varchar;
	BEGIN
    		arg_value := TG_ARGV[0];

	INSERT INTO sf_schema.hist_xref_project_person_role (project_id, 
       person_id,
       list_role_id,
       date_created,
       date_start,
       date_end,
       is_active,
       percent_usage,
       is_deleted,
       action_date, action_user, action_taken) 
       VALUES (NEW.project_id, 
       NEW.person_id,
       NEW.list_role_id,
       NEW.date_created,
       NEW.date_start,
       NEW.date_end,
       NEW.is_active,
       NEW.percent_usage,
       NEW.is_deleted,
       NOW(), user, arg_value);
       RETURN NEW;
END;
$$
LANGUAGE 'plpgsql';

CREATE or REPLACE FUNCTION sf_schema.tg_fn_old_xref_project_person_role()
	RETURNS trigger AS $$
	DECLARE 
    		arg_value varchar;
	BEGIN
    		arg_value := TG_ARGV[0];

	INSERT INTO sf_schema.hist_xref_project_person_role (project_id, 
       person_id,
       list_role_id,
       date_created,
       date_start,
       date_end,
       is_active,
       percent_usage,
       is_deleted,
       action_date, action_user, action_taken) 
       VALUES (OLD.project_id, 
       OLD.person_id,
       OLD.list_role_id,
       OLD.date_created,
       OLD.date_start,
       OLD.date_end,
       OLD.is_active,
       OLD.percent_usage,
       OLD.is_deleted,
       NOW(), user, arg_value);
       RETURN OLD;
END;
$$
LANGUAGE 'plpgsql';

CREATE TRIGGER tg_insert_xref_project_person_role
   BEFORE INSERT
   ON sf_schema.xref_project_person_role
   FOR EACH ROW
   EXECUTE PROCEDURE sf_schema.tg_fn_new_xref_project_person_role('INSERT');

CREATE TRIGGER tg_update_xref_project_person_role
   BEFORE UPDATE
   ON sf_schema.xref_project_person_role
   FOR EACH ROW
   EXECUTE PROCEDURE sf_schema.tg_fn_new_xref_project_person_role('UPDATE');

CREATE TRIGGER tg_delete_xref_project_person_role
   BEFORE DELETE
   ON sf_schema.xref_project_person_role
   FOR EACH ROW
   EXECUTE PROCEDURE sf_schema.tg_fn_old_xref_project_person_role('DELETE');

/* xref_tool_project */
CREATE or REPLACE FUNCTION sf_schema.tg_fn_new_xref_tool_project()
	RETURNS trigger AS $$
	DECLARE 
    		arg_value varchar;
	BEGIN
    		arg_value := TG_ARGV[0];

	INSERT INTO sf_schema.hist_xref_tool_project (project_id, 
       list_tool_id,
       date_associated,
       is_deleted,
       action_date, action_user, action_taken) 
       VALUES (NEW.project_id, 
       NEW.list_tool_id,
       NEW.date_associated,
       NEW.is_deleted,
       NOW(), user, arg_value);
       RETURN NEW;
END;
$$
LANGUAGE 'plpgsql';

CREATE or REPLACE FUNCTION sf_schema.tg_fn_old_xref_tool_project()
	RETURNS trigger AS $$
	DECLARE 
    		arg_value varchar;
	BEGIN
    		arg_value := TG_ARGV[0];

	INSERT INTO sf_schema.hist_xref_tool_project (project_id, 
       list_tool_id,
       date_associated,
       is_delerted,
       action_date, action_user, action_taken) 
       VALUES (OLD.project_id, 
       OLD.list_tool_id,
       OLD.date_associated,
       OLD.is_deleted,
       NOW(), user, arg_value);
       RETURN OLD;
END;
$$
LANGUAGE 'plpgsql';

/* xref_customer_person */
CREATE or REPLACE FUNCTION sf_schema.tg_fn_new_xref_customer_person()
	RETURNS trigger AS $$
	DECLARE 
    		arg_value varchar;
	BEGIN
    		arg_value := TG_ARGV[0];

	INSERT INTO sf_schema.hist_xref_customer_person (customer_id, 
       person_id,
       comment,
       is_deleted,
       action_date, action_user, action_taken) 
       VALUES (NEW.customer_id, 
       NEW.person_id,
       NEW.comment,
       NEW.is_deleted,
       NOW(), user, arg_value);
       RETURN NEW;
END;
$$
LANGUAGE 'plpgsql';

CREATE or REPLACE FUNCTION sf_schema.tg_fn_old_xref_customer_person()
	RETURNS trigger AS $$
	DECLARE 
    		arg_value varchar;
	BEGIN
    		arg_value := TG_ARGV[0];

	INSERT INTO sf_schema.hist_xref_customer_person (customer_id, 
       person_id,
       comment,
       is_deleted,
       action_date, action_user, action_taken) 
       VALUES (OLD.customer_id, 
       OLD.person_id,
       OLD.comment,
       OLD.is_deleted,
       NOW(), user, arg_value);
       RETURN OLD;
END;
$$
LANGUAGE 'plpgsql';

/* xref_dependency_project */
CREATE or REPLACE FUNCTION sf_schema.tg_fn_new_xref_dependency_project()
	RETURNS trigger AS $$
	DECLARE 
    		arg_value varchar;
	BEGIN
    		arg_value := TG_ARGV[0];

	INSERT INTO sf_schema.hist_xref_dependency_project (dependency_id, 
       project_id,
       comment,
       is_deleted,
       action_date, action_user, action_taken) 
       VALUES (NEW.dependency_id, 
       NEW.project_id,
       NEW.comment,
       NEW.is_deleted,
       NOW(), user, arg_value);
       RETURN NEW;
END;
$$
LANGUAGE 'plpgsql';

CREATE or REPLACE FUNCTION sf_schema.tg_fn_old_xref_dependency_project()
	RETURNS trigger AS $$
	DECLARE 
    		arg_value varchar;
	BEGIN
    		arg_value := TG_ARGV[0];

	INSERT INTO sf_schema.hist_xref_dependency_project (dependency_id, 
       project_id,
       comment,
       is_deleted,
       action_date, action_user, action_taken) 
       VALUES (OLD.dependency_id, 
       OLD.project_id,
       OLD.comment,
       OLD.is_deleted,
       NOW(), user, arg_value);
       RETURN OLD;
END;
$$
LANGUAGE 'plpgsql';